{"sum": 553665.0, "avr": 540.6884765625, "sumMD": 17079.0, "avrMD": 533.71875, "sumSD": 17335.0, "avrSD": 541.71875, "min": 997.0, "max": 997.0}