{"sum": 1699281385, "min": 100266, "max": 999470, "avg": 549395.8567733592, "std": 257279.84399466976}