{"sum": 50274877, "min": 127, "max": 99969, "avg": 50325.2022022022, "std": 28408.65141847764}