{"sum": 809416622, "min": 10173, "max": 499556, "avg": 255578.34606883486, "std": 140462.7905424745}